Batch Size,Accuracy
10,0.709876537322998
20,0.7345678806304932
32,0.7222222089767456
50,0.7160493731498718
70,0.7469135522842407
