Batch Size,Accuracy
10,0.709876537322998
20,0.6790123581886292
32,0.7160493731498718
50,0.7530864477157593
70,0.7283950448036194
