epoch,accuracy,loss,val_accuracy,val_loss
0,0.6836734414100647,0.8095113039016724,0.7334801554679871,0.5972844362258911
1,0.7602040767669678,0.5848897695541382,0.7334801554679871,0.6074375510215759
2,0.7602040767669678,0.5685385465621948,0.7334801554679871,0.5851501822471619
3,0.7602040767669678,0.5320382714271545,0.7334801554679871,0.5856376886367798
