Learning Rate,Accuracy
0.0001,0.6828193664550781
0.001,0.7378854751586914
0.01,0.7334801554679871
0.1,0.7334801554679871
