Learning Rate,Accuracy
0.0001,0.7092511057853699
0.001,0.7092511057853699
0.01,0.7334801554679871
0.1,0.7334801554679871
