Learning Rate,Accuracy
0.0001,0.7716049551963806
0.001,0.7037037014961243
0.01,0.709876537322998
0.1,0.7469135522842407
